id;address_street_1;address_street_2;address_city;address_state_or_province;address_country;address_zip_or_postal_code;address_is_home_or_business
b6bbfee3-fac1-4fd2-994d-c6d6e0d1a4af;Dakota Customer;Corporate Mandatory;Health didactic;Producer;Kids;Developer;Chile
2ac6d77a-f828-4d9a-9d14-bf742d2348ec;Skyway Account;Toys contextually-based Sausages;National Soap;calculating Shoes;HTTP grow USB;Dinar;quantifying
4bdb3e5c-db19-4dfa-8fc9-314ad9cf688a;Greece;Identity calculate bus;calculate;boliviano;time-frame;Tasty Cuban;deposit
efa9e3db-430b-4824-ad63-55f5d9321bac;COM;Fully-configurable;compressing Unbranded;withdrawal Marketing Gold;back Computers CSS;Extended copying optimize;Factors
f5e02ca3-a408-406a-8bc6-908b71893227;Self-enabling Norwegian users;Incredible Mouse grow;Frozen Specialist Granite;Jewelery;up Kids;Industrial USB;solid
11d17a8b-cb6b-45c4-8933-7d118b3a09a3;models;web-enabled invoice;architecture payment Frozen;Program;Producer primary;Peso;transmit Avon program
18c7c207-81a9-46b4-b814-03174925f3c4;analyzing Investor leverage;platforms Auto bypassing;digital core;compressing solution;Integrated withdrawal copy;Division;Chief Savings Barbados
d02c65cc-acb7-470c-9828-3b8a8ba5e3ca;Gloves Avon Ball;California;Gold;synthesizing;Mozambique Soft;firewall;Implementation
e6603a6b-c6a1-4014-93c3-7a45a1ad52c8;Kazakhstan Sleek;Optimized;red generation auxiliary;Toys indigo foreground;Home Soft;Music hack portals;empowering Program salmon
95890e7e-b671-4c60-b51c-f5de32038a14;superstructure;SCSI Director;Ergonomic AGP;Mobility;Unbranded Engineer;Berkshire infrastructure deposit;Cotton
