id;question;answers;reservation_number;phone_number;start_time;end_time;key_words
0a6f713e-e7ad-4c8c-996f-f2df61a65d8d;Soap;Anguilla;Jewelery;feed Frozen;2023-06-21T18:27:51;2023-06-22T09:54:16;Exclusive
8aa696dd-9cad-42e5-be5f-c5f676ea2b20;brand navigate;Bedfordshire;Solutions Unbranded;Gorgeous SSL deposit;2023-06-22T07:03:46;2023-06-21T22:10:07;back-end back-end Tasty
3580ee48-f0c0-4dbc-98fe-73955091414e;Intelligent AGP;Senior open-source;Division;Center Cambridgeshire Electronics;2023-06-21T18:21:25;2023-06-21T23:59:45;Island Meadow
b6964897-a784-4b8d-bd73-7c011d80c410;connect deposit;Vista;Soap Garden;orchestrate Investment;2023-06-22T01:23:41;2023-06-21T19:50:03;Specialist Quality
989de287-f844-4552-8a61-15f500441089;Mariana;aggregate;Taiwan conglomeration Handcrafted;Serbian PCI Ergonomic;2023-06-22T07:06:43;2023-06-22T13:53:31;Dynamic
64dfc4c9-22a2-4ae6-89db-cf51c7079471;radical Sleek Wooden;Fords Granite;Fish Keyboard Montana;orchid New;2023-06-22T03:05:32;2023-06-22T12:58:24;attitude-oriented
65101e5a-0561-4e2c-af74-46a3ed7d9c16;needs-based blockchains Principal;pixel Ball;BEAC embrace;ADP Buckinghamshire;2023-06-22T00:00:10;2023-06-22T06:47:25;Account Auto web-enabled
793f86bc-9991-4a07-8237-bffeca9a750c;West;programming Stand-alone;Music;Legacy Avenue salmon;2023-06-22T06:28:50;2023-06-22T05:49:43;pixel
69069508-cde3-4710-b5be-2c5a0aa86a35;Concrete;structure;deposit morph Infrastructure;Open-architected;2023-06-22T06:55:43;2023-06-21T21:14:49;copy Infrastructure Salad
dffad9da-0f7a-4250-a8c9-7e28645aee21;withdrawal;Cotton;synergy Avon;calculating;2023-06-22T08:37:43;2023-06-21T23:45:54;web
