id;first_name;last_name;email;phone_number;reservation_number;room_number
e1945260-fb1c-4972-adf0-ae4f2250fb08;Callie;Stamm;Dina_Prohaska@gmail.com;Oro JSON auxiliary;Table Facilitator Wooden;Dynamic compressing
f792f86c-d61a-4c39-9efd-c2f69b69310a;Lizzie;Rau;Brent_Cummings@gmail.com;salmon Cotton ubiquitous;Fresh Integration Direct;multimedia firewall Nicaragua
c36f4900-42db-4b00-a73d-bbd6672df8b2;Marietta;Terry;Jeffery23@yahoo.com;Branding;interface Loan;Computers
38aa014f-2ba7-4a9f-89c0-88ee403326db;Gabriella;Stehr;Charley_Koelpin8@gmail.com;Sports Nakfa hacking;Producer Malawi global;granular Shirt
a679b6fe-9a0b-41cd-bee1-0c93b9f17f4b;Aron;Lockman;Logan75@hotmail.com;feed eyeballs Oklahoma;Administrator Garden Idaho;override
47a65907-584b-4d4d-9180-306c878ff7ce;Leif;Koch;Erling.Koch@gmail.com;niches Mouse 24/7;global card;hub National
d5fba7d2-2593-442e-b6c2-6c9a411062d0;Josie;O'Reilly;Martina_Hansen@yahoo.com;blockchains;revolutionary Diverse neural-net;Dinar Rustic West
38df11d7-7ba9-4245-b5ca-4e9ee2e2f52f;Sammie;Armstrong;Deven.Carter89@yahoo.com;Pound benchmark;didactic Rapids Baht;alarm
acaec064-76a7-443c-bf63-0189eb65e3be;Audra;Abbott;Duane43@gmail.com;Soft;Borders tan;Rustic Extended
dbc41119-411f-45bf-957a-0fd28f30ced3;Orin;Ratke;Roma.Satterfield@yahoo.com;Kids parallelism;monitor quantify Martinique;customized
