id;close_message;more_help
4223e6c3-96e9-4a66-b672-7586c4cd3470;Ecuador Tasty firewall;Balboa Guinea Handcrafted
859e7a24-b19c-492d-b28e-cb276a199f84;exploit bypassing Hawaii;IB Course
445dc492-bdf6-4b39-9b9f-140da29a608d;withdrawal;Licensed People's white
5f9627e2-db58-496f-9b2d-3968e5a43772;Unit;National backing Technician
bc637960-d4c3-41e7-8b46-d5a998643e8e;Human;Supervisor back payment
04ec3943-5daa-4fbf-8e16-04b1d8529d12;Open-source Senior;Chicken
97c10238-0328-433d-a24d-db4bc610d182;SMTP PCI solid;Home Carolina reinvent
36fb7a44-c05b-4260-bebd-cedca713756e;foreground target Investment;modular maroon
b74f97fd-133c-47c6-ae52-587aad7b792a;platforms;deposit Usability Sharable
8f684871-02ff-42c2-b336-ecf590bde5d3;Investment Customer-focused Data;Fresh next-generation Philippines
