id;name;email
f6b87fbe-4438-4437-ad71-1d4f2db26a9c;Ergonomic Alaska communities;Alfreda60@hotmail.com
1ce5b128-5800-432b-b10d-f74186fdbc45;Islands;Gardner.Schamberger@hotmail.com
b57288b8-e75b-41e0-b491-d89e5660c37c;Minnesota Orchestrator;Santina_Pouros17@yahoo.com
48cd2ca6-7bc8-441c-9824-a30a57f0cb77;Manager bus success;Hanna.Vandervort@gmail.com
bc6cf30b-db10-4ec8-b808-b536ffbf7056;model;Dedrick.Schroeder@gmail.com
1093de33-4242-4f34-87ab-c17c6db81194;set Personal Re-contextualized;Connor84@yahoo.com
4c8bc5e2-dd5f-4660-a321-b4c38c7e7259;hacking impactful scale;Heidi_Feest@gmail.com
6db4d9d1-1a51-4766-ab66-369caf918678;forecast;Nicholas_Crooks@yahoo.com
4241fab2-0e87-4b85-a1cd-0b9e56ea1bb0;Specialist;Omari_OKon@hotmail.com
17887b1c-9f28-493c-ac0f-c9cfbeb4a790;Account Toys;Norwood61@hotmail.com
